Israel	NON
television
rejected
a
skit
by
comedian
Tuvia Tzafir
that
attacked
public
apathy
by
depicting
an
Israeli
family
watching
TV
while
a
fire
raged
outside
.

An	NON
art
exhibit
at
the Hakawati Theatre
in
Arab
east Jerusalem
was
a
series
of
portraits
of
Palestinians
killed
in
the
rebellion
.

PERUGIA	NON
,
Italy
-LRB-
AP
-RRB-

Officials	NON
in
Perugia
in
Umbria
province
said
five
people
were
arrested
there
Tuesday
night
after
police
stopped
their
car
and
found
$1 million
in
bogus
bills
in
the
trunk
.

The	NON
ANSA
news
agency
said
the
operation
involved
police
in
Umbria
and
Lazio
provinces
in
central
Italy
and
Campania
province
in
the
south
,
without
specifying
exact
arrest
locations
.

Rome	NON
is
in
Lazio province
and
Naples
in
Campania
.

Reagan	NON
sounded
positive
notes
reminiscent
of
earlier
speeches
throughout
his
political
career
_
the
pre
-
eminent
position
of
`
` We the People ' '
in
the
American
system
,
the
image
of
America
as
a
shining
`
`
city
upon
a
hill
,
'
'
the
importance
of
paying
more
attention
to
American
history
.

There	NON
was
no
mention
of
the
`
`
iron
triangle
'
'
of
members
of
Congress
,
the
news
media
and
special
interest
groups
who
,
in
a
speech
to
political
appointees
in
Washington
on
Dec. 13
,
Reagan
claimed
had
prevented
his
administration
from
balancing
the
federal
budget
.

Nor	NON
did
he
argue
,
as
he
did
in
a
speech
at
the University of Virginia
in
Charlottesville
Dec. 16
,
that
Congress
had
perpetuated
a
dangerous
situation
in
Central America
by
its
`
`
on
-
again
,
off
-
again
indecisiveness
'
'
on
his
program
of
aid
to
the
anti
-
communist
Contra
rebels
.

There	NON
was
no
mention
at
all
of
the
Contras
,
the
arms
sales
to
Iran
or
the
enormous
trade
deficits
that
during
Reagan
's
tenure
have
turned
America
into
the
world
's
biggest
debtor
nation
.

W. Dale Nelson	NON
covers
the White House
for
The Associated Press
.

A	NON
Texas
professor
who
helped
mount
President
Nixon
's
unsuccessful
attempt
to
resist
a
key
Watergate
subpoena
is
being
considered
for
the
post
of
U.S.
solicitor
.

Also	NON
being
considered
are
Judge
Ralph K. Winter
of
the
2nd
U.S. Circuit Court of Appeals
in
New York City
and
Judge
Kenneth Starr
of
the U.S. Circuit Court of Appeals
for
the District of Columbia
,
said
the
source
,
who
spoke
on
condition
of
anonymity
.

Wright	NON
,
a
University of Texas
law
professor
,
served
as
one
of
Nixon
's
lawyers
in
1973
and
1974
while
the
Watergate
special
prosecutor
was
trying
to
subpoena
the
White House
tapes
.

Winter , 53	NON
,
a
former
Yale University
law
professor
who
took
the
bench
in
1982
,
and
Starr
,
a
fellow
appointee
of
President
Reagan
,
are
both
known
as
judicial
conservatives
.

Starr	NON
,
who
served
as
counselor
to
Attorney
William French Smith
from
1981
prior
to
taking
the
bench
in
1983
,
had
been
mentioned
as
a
possible
Supreme Court
nominee
after
his
former
colleague
on
the District of Columbia
circuit
,
Robert Bork
,
failed
to
win
Senate
confirmation
in
1987
.

But	NON
four years later
,
Wright
said
he
would
vote
against
Barry Goldwater
because
he
felt
the
Arizona
senator
supported
a
`
`
slowdown
on
civil
rights
'
'
and
would
take
a
`
`
harder
,
more
dangerous
line
on
foreign
relations
.
'
'

STOCKTON	LIVWRK
-
ON
-
TEES
,
England
-LRB-
AP
-RRB-
_
Michael Minns
received
$
160
,
000
from
the
father
he
never
knew
and
thought
was
killed
in
World War II
.

He	NON
said
he
only
learned
his
father
was
a
war
-
stress
patient
at
St. Nicholas Hospital
in
Gosforth
in
northeast
England
after
he
died
two years ago
.

An	NON
enraged
Nikita Khrushchev
instructed
Soviet
ships
to
ignore
President
Kennedy
's
naval
blockade
during
the
Cuban
missile
crisis
,
but
the
order
was
reversed
just hours
before
an
inevitable
confrontation
,
according
to
a
new
book
.

James G. Blight	NON
and
David A. Welch
of
Harvard University 's
John F. Kennedy
School
of
Government
say
that
`
`
if
this
order
had
held
,
war
between
the
superpowers
would
probably
have
commenced
at
sea
,
shortly
after
10
o
'
clock
on
Wednesday
morning
,
Oct. 24 , 1962
,
several hundred miles
off
the
coast
of
Cuba
.
'
'

Anastas Mikoyan	NON
,
then
Soviet
first
deputy
premier
,
was
the
catalyst
for
the
reversal
of
Khrushchev
's
order
,
according
to
the
authors
.

Mikoyan	NON
`
`
preempted
Khrushchev
's
order
to
run
the
blockade
and
ordered
Soviet
ships
to
stop
just
short
of
the
quarantine
line
,
'
'
they
say
.

The	NON
book
,
` ` On the Brink : Americans and Soviets Reexamine the Cuban Missile Crisis , ' '
is
based
largely
on
two 1987
conferences
sponsored
by
Harvard
_
one
that
featured
top
Kennedy
advisers
and
U.S.
scholars
and
a
second
in
which
three
Soviets
joined
the
Americans
.

The	NON
book
said
Khrushchev
's
order
to
ignore
the
blockade
was
disclosed
in
a
largely
unknown
work
by
dissident
Soviet
historian
Roy Medvedev
.

Their	NON
theory
that
the
warheads
were
blocked
by
the
quarantine
is
at
odds
with
a
recent
disclosure
by
Aleksander Alekseev
,
the
former
ambassador
to
Cuba
,
who
said
in
a
recent
Soviet
magazine
that
42
medium
-
range
missiles
were
fully
operational
.

But	NON
the
authors
suggested
that
Alekseev
,
along
with
others
in
the
Soviet
diplomatic
corps
,
were
not
receiving
accurate
information
from
Moscow
about
the
missiles
.

MILAN	NON
,
Italy
-LRB-
AP
-RRB-

`	NON
`
If
it
does
not
snow
,
and
a
lot
,
within
this month
we
will
have
no
water
to
submerge
150
,
000 hectares
-LRB-
370
,
500 acres
-RRB-
of
rice
,
'
'
said
Bruno Pusterla
,
a
top
official
of
the Italian Agricultural Confederation
.

However	NON
,
Franca Chlistovsky
,
who
heads
the
Brera
metereologic
institute
in
Milan
,
said
this
winter
's
dry
spell
was
not
exceptional
and
several worse years
have
been
registered
since
1950
.

Soprano Judy Kaye	NON
,
who
won
a
Tony
on
Broadway
last year
,
stars
in
the New York Opera Repertory Theater
production
,
and
is
splendid
in
the
pivotal
role
of
Abbie
.

The New York Opera Repertory Theater	NON
was
founded
in
1977
by
Leigh Gibbs Gore
,
who
conducted
the
opera
.

Composer Thomas	NON
is
a
native
of
Chisholm
,
Minn
.

In	NON
Wednesday
's
announcement
,
locations
containing
unused
or
underutilized
federally
owned
buildings
deemed
suitable
for
homeless
facilities
were
listed
as
:
Clear Air Force Station
,
Alaska
;

Hot	NON
Springs
National
Park
,
Ark.
;

Carbondale Mining Technology Center	NON
,
Carterville
,
Ill.
;

GSA Depot	NON
,
Watertown
,
Mass.
;

Fort Snelling	NON
,
Minn.
;

Army Reserve Center	NON
,
Springfield
,
Mo.
;

Fire Island National Seashore , Patchogue	NON
,
N.Y.
;

Aguadilla	NON
,
Puerto Rico
;

GSA Depot	NON
,
Davisville
,
R.I.
;
and
Mineral Wells
,
Texas
.

Locations	NON
containing
suitable
federally
owned
land
were
listed
as
:
Fort Wainwright
annex
,
Fairbanks
,
Alaska
;

Andrews Lock	NON
and
Dam
,
Henry County
,
Ala.
;

U.S. Coast Guard Training Center	NON
,
Petaluma
,
Calif.
;

San Gabriel River Channel	NON
,
Azusa
,
Calif.
;

Andrews Lock	NON
and
Dam
,
Early County
,
Ga.
;

Kings Bay	NON
,
Ga.
;

Baton Rouge	NON
,
La.
;

Andrews Air Force Base	NON
,
Md.
;

Camp Butner	NON
,
N.C.
;

Gallup Indian Center	NON
,
N.M.
;

Fort Hamilton	NON
,
Brooklyn
,
N.Y.
;

ATLANTIC CITY	NON
,
N.J
.

Britain	NON
's
Duchess of York
and
former
Philippines
first
lady
Imelda Marcos
topped
the
list
by
Blackwell
,
a
designer
and
self
-
appointed
fashion
arbiter
whose
real
name
is
Richard Sylvan Selzer
.

FRESNO	NON
,
Calif
.

Hoffman	NON
,
who
portrays
an
autistic
savant
in
the
movie
,
returned
the
favor
and
called
the
Fresno
boy
Monday
,
talking
with
Brent
and
his
family
for
20 minutes
.

MEMPHIS	NON
,
Tenn
.

ROYAL OAK	NON
,
Mich
.

Dancers	NON
of
Moscow
's
Bolshoi Ballet
in
Moscow
and
Leningrad
's
Kirov Ballet
,
together
with
opera
singers
from
the
Armenian
capital
of
Yerevan
,
joined
U.S.
sopranos
June Anderson
and
Carol Vaness
and
British
dancers
and
singers
.

Boston University 's	NON
Michael D. Papagiannis
said
he
believes
the
crater
was
created
100 million years ago
when
a
50-mile
-
wide
meteorite
slammed
into
the
Earth
.

It	NON
is
roughly
bounded
by
Ostined
,
Lesny
and
Liberec
in
Czechoslovakia
and
Gmund
in
Austria
.

BONE	NON
,
Idaho
-LRB-
AP
-RRB-

`	NON
`
Temperatures
didn
'
t
get
too
low
,
but
the
wind
chill
was
bad
,
'
'
said
Bingham County Sheriff 's
Lt
.
Bill Gordon
.

The	NON
justices
heard
60 minutes
of
arguments
Wednesday
on
whether
they
will
allow
the
execution
of
Johnny Paul Penry
,
32
,
a
convicted
rapist
-
murderer
sentenced
to
die
in
Texas
.

Assistant	NON
Charles A. Palmer
of
Texas
argued
that
executing
Penry
would
not
violate
the
Constitution
's
ban
against
cruel
and
inhuman
punishment
.

Penry	NON
raped
Pamela Moseley Carpenter
on
Oct. 15 , 1979
,
in
Livingston
,
Texas
,
then
stabbed
her
to
death
.

Ms.	NON
Carpenter
's
brother
,
retired
National Football League
placekicker
Mark Moseley
,
was
in
the
courtroom
Wednesday
and
told
reporters
afterward
,
` ` It 's been nine years
of
hell
for
myself
and
my
family
.
'
'

The United States	NON
,
Britain
and
France
joined
in
vetoing
a
Security Council
resolution
that
`
`
deplored
'
'
the U.S. Navy 's
downing
of
two
Libyan
military
jets
over
the
Mediterranean
on
Jan. 4
.

Treiki	NON
disclosed
the
planned
missile
tests
during
Security Council
debate
Tuesday
night
after
the U.S. 6th Fleet
informed
Libyan
air
traffic
controllers
so
they
could
divert
civilian
air
traffic
.

Deputy	NON
U.S.
Ambassador
Herbert S. Okun
announced
the
cancellation
just
before
the
council
began
debate
,
and
officials
in
Washington
confirmed
it
.

On	NON
Friday
,
U.S.
Ambassador
Vernon A. Walters
displayed
photographs
of
one
Libyan
jet
showing
shapes
resembling
missile
pods
on
its
wings
and
fuselage
.

Libya	NON
's
deputy
ambassador
,
Ali Sunni Muntasser
,
said
the
pictures
were
retouched
and
the
planes
were
unarmed
and
on
reconnaissance
flights
.

Canada	NON
's
ambassador
,
Yves Fortier
,
said
the
resolution
contained
`
`
a
one
-
sided
account
.
'
'

France	NON
's
deputy
representative
,
M. Pierre Brochand
,
expressed
similar
sentiments
.

In	NON
Washington
,
U.S
officials
announced
that
the
Navy
will
rotate
two
aircraft
carrier
battle
groups
well
away
from
Libya
as
one
replaces
the
other
.

U.N.	NON
financial
spokesman
Fred Eckhard
said
Wednesday
that
just 86
of
the
159
member
nations
paid
all
their
dues
through
the end of 1988
,
leaving
the
world
body
$394.9 million
in
arrears
in
the
regular
budget
and
$355.2 million
in
debt
for
peacekeeping
operations
.

The	NON
mounting
debt
exasperated
U.N.
Secretary
-
General
Javier Perez de Cuellar
as
the
world
body
embarked
on
new
,
costly
peacekeeping
ventures
.

Perez de Cuellar	NON
said
in
December
,
when
he
accepted
the
1988
Nobel Peace Prize
on
behalf
of
U.N.
peacekeepers
,
that
the
failure
of
members
to
pay
dues
threatens
the
work
of
the United Nations
.

President	NON
Reagan
has
ordered
the State Department
to
devise
a
payment
schedule
for
repaying
all
U.S.
arrears
;

River North 's	NON
nouvelle
sensibilities
also
might
be
offended
by
the
Ranch
's
menu
,
which
features
items
such
as
the
`
`
Jesse
James Steak
-LRB-
A
Steal
!
-RRB-
,
'
'
and
the
occasional
ornery
patron
.

For	NON
singer
and
guitarist
Bob Boyd
,
57
,
the
Ranch
has
been
home
since
he
left
Chattanooga
,
Tenn.
,
35 years ago
.

`	NON
`
Either
luck
or
good
fortune
was
on
my
side
,
'
'
the
shaken
teacher
,
Donald Miller
,
said
through
United Federation of Teachers
spokesman
Bert Shanas
.

Police	NON
contacted
the
boy
's
mother
and
were
trying
to
determine
where
the
gun
came
from
,
Board of Education
spokesman
Frank Sobrino
said
.

TUCSON	NON
,
Ariz
.

Larry Martin	NON
,
circulation
director
for
the
publishing
company
jointly
owned
by
the
parent
companies
of
the
Star
and
the
evening
Tucson Citizen
,
estimated
that
3
,
000
to
5
,
000
bogus
copies
were
placed
in
as many as 600
Star
vending
machines
.

SPACE	NON
CENTER
,
Houston
-LRB-
AP
-RRB-

`	NON
`
We
're
quite
proud
to
be
flying
the
third
flight
since
the
-LRB-
Challenger
-RRB-
accident
,
'
'
Navy Capt
.
Michael Coats
said
during
the
final
preflight
news
conference
Wednesday
.

Volcanoes	NON
in
Nicaragua
and
Indonesia
,
deforestation
in
Brazil
and
Madagascar
,
the
Sahara
desert
in
Africa
and
global
beach
erosion
are
among
the
subjects
to
be
photographed
.

Gale	NON
-
force
winds
were
reported
in
California
late Wednesday
,
where
gusts
reached
69 mph
at
Ontario
and
57 mph
at
El Toro
.

In	NON
Colorado
,
13 inches
of
snow
in
Denver
Wednesday
prompted
officials
to
close
Interstate
270
temporarily
.

Temperatures	NON
around
the
nation
at
2 a.m.
EST
ranged
from
9 degrees below zero
at
Yellowstone
,
Wyo.
,
to
85 degrees
at
McAllen
,
Texas
.

Portland	NON
,
Maine
11 fair
;

The	NON
spy
,
high
-
ranking
Korean
CIA
official
Sohn Ho Young
,
wanted
to
defect
because
he
was
about
to
be
transferred
home
from
a
post
in
New York City
,
the
newspaper
said
.

FBI	NON
agents
arrived
at
Sohn
's
New Jersey
home
and
escorted
him
to
safety
only 30 minutes
before
KCIA
agents
showed
up
,
an
unidentified
senior
law
enforcement
official
told
the
Times
.

Derwinski	LIVWRK
,
a
Republican
from
Chicago
who
served
24 years
in
Congress
,
publicly
denied
1978
allegations
that
he
leaked
the
information
and
refused
to
testify
in
the
matter
before
a
federal
grand
jury
and
the House Ethics Committee
.

Derwinski	NON
's
involvement
in
the
episode
and
his
early
lack
of
candor
will
be
investigated
during
Senate
confirmation
hearings
on
his
nomination
to
head
the
new
Veterans Department
,
said
Sen.
Alan Cranston
,
D
-
Calif
.
,
chairman
of
the Senate Committee on Veterans Affairs
.

Derwinski	NON
was
the
ranking
Republican
on
the the House Foreign Affairs
subcommittee
on
international
relations
,
which
had
secretly
been
in
touch
with
Sohn
and
planned
to
have
him
testify
about
the
KCIA
's
involvement
in
Koreagate
,
the
Times
said
.

`	NON
`
If
we
're
going
to
address
this
problem
it
will
be
a
grass
-
roots
effort
by
activists
throughout
the
cities
of
the
world
,
'
'
said
Jeremy Rifkin
,
director
of
the Foundation on Economic Trends
and
a
member
of
the Global Greenhouse Network
,
a
coalition
of
environmental
activists
in
35
countries
.

`	NON
`
Up
to
5 million
trees
planted
in
the
right
places
in
Southern California
will
conserve
the
energy
equivalent
of
one to two
new
power
plants
,
'
'
said
Andy Lipkis
,
executive
of
TreePeople
,
a
conservation
and
community
-
action
group
that
is
organizing
the
planting
campaign
.

`	NON
`
We
see
nothing
right
now
that
would
make
any
difference
,
'
'
said
Steve Wright
,
who
directs
DOE
environmental
studies
at
the
SRP
.

The	NON
eight-pound
bomb
had
a
detonator
charge
,
similar
to
a
shotgun
shell
,
that
emits
smoke
when
it
hits
the
ground
,
said
Bert Byers
,
spokesman
for
Cecil Field Naval Air Station
.

The	NON
FA-18
Hornet
was
on
a
mission
to
Pinecastle Electronic Warfare Range
in
the Ocala National Forest
when
the
bomb
tumbled
free
at
1
:
50
p.m
.

BAYONNE	NON
,
France
-LRB-
AP
-RRB-

Police	NON
arrested
10
Spanish
Basque
militants
,
including
Jose Antonio Urutigoechea
,
considered
by
Madrid
to
be
a
top
leader
of
the
Spanish
Basque
separatist
organization
ETA
,
authorities
said
today
.

Urutigoechea	NON
and
the
others
were
arrested
Wednesday
in
the
cities
of
Bayonee
and
Bonloc
in
southwestern
France
in
Poitiers
in
west-
central
France
.

Prime	NON
Minister
Felipe Gonzalez
of
Spain
told
reporters
,
`
`
The
police
actions
and
the
arrests
are
of
great
importance
to
Spanish
society
on
such
a
major
matter
as
the
battle
against
terrorism
.
'
'

HAUPPAUGE	NON
,
N.Y
.

ANNAPOLIS	NON
,
Md
.

Judith C. Toth	NON
says
she
returned
for
a
fourth
term
in
Maryland
's
House of Delegates
because
she
couldn
'
t
find
a
better
job
.

Ms.	NON
Toth
,
a
14-year
veteran
of
the
Legislature
,
decided
against
renting
a
house
for
the
session
,
opting
for
hotel
rooms
and
commuting
about 60 miles
from
her
Germantown
home
because
`
`
if
something
came
up
this week
or
next week
,
I
would
walk
out
.
'
'

Edward Marks	NON
,
an
official
with
the Montgomery County Democratic Party
,
argued
that
if
Ms.
Toth
is
not
interested
in
the
job
,
`
`
she
should
get
out
.
..
.

Michael R. Gordon	NON
,
chairman
of
the
Montgomery County House
delegation
,
thinks
Ms.
Toth
is
in
an
`
`
embarrassing
'
'
position
.

`	NON
`
We
forwarded
blood
samples
from
the
coyotes
to
the Center for Disease Control
in
Fort Collins
and
on
Jan. 3
they
confirmed
the
presence
of
plague
.
'
'

WAMPSVILLE	NON
,
N.Y
.

Madison County	NON
Judge
William O '
Brien III
set
a
Feb. 28
hearing
date
for
arguments
on
whether
Timothy Jacobs
should
be
returned
to
North Carolina
.

Jacobs	NON
'
lawyers
asked
for
the
stay
after
Cuomo
signed
a
request
from
North Carolina
Gov.
Jim Martin
on
Tuesday
to
return
Jacobs
.

Jacobs	NON
has
said
that
he
would
not
receive
a
fair
trial
in
Robeson County
,
N.C.
,
and
that
he
fears
for
his
life
if
he
is
returned
there
.

Jacobs	NON
,
20
,
and
Eddie Hatcher
,
31
,
were
charged
in
the
1988
takeover
in
Lumberton
,
N.C.

Hatcher	NON
also
fled
to
the
Onondaga
territory
but
has
since
moved
to
a
Shoshone-Bannock
reservation
in
Idaho
.

NEW YORK	NON
-LRB-
AP
-RRB-

`	NON
` ` Ryan 's Hope '
has
not
been
rejected
by
the
audience
,
it
has
simply
been
unavailable
to
viewers
,
'
'
Jo Ann Emmerich
,
vice
president
of
daytime
programs
for
ABC Entertainment
,
said
at
the
time
.

It	NON
launched
the
careers
of
many
well
-
known
actors
,
including
Corbin Bernsen
,
who
stars
on
NBC
's
` ` L.A. Law
,
'
'
and
Kate Mulgrew
,
star
of
ABC
's
` ` HeartBeat
.
'
'

MILLINOCKET	NON
,
Maine
-LRB-
AP
-RRB-

Albert O. Harjula	LIVWRK
,
29
,
of
Thomaston
,
became
trapped
first
,
said
Paul Fournier
,
a
spokesman
for
the state Department of Inland Fisheries
and
Wildlife
.

Daniel Sullivan	NON
,
30
,
of
Boothbay
,
went
down
to
help
and
also
became
stuck
,
Fournier
said
.

During	NON
the
10-hour
rescue
,
diver Brian Michaud
of
Millinocket
hooked
the
men
to
harnesses
,
and
rescuers
dragged
them
to
the
surface
with
winches
.

It	NON
recommended
stopping
nuclear
fuels
processing
at
four
sites
where
problems
have
been
highly
publicized
:
the Rocky Flats Plant
near
Denver
,
the Hanford Site
near
Richland
,
Wash.
,
the Feed Materials Production Center at Fernald
,
Ohio
,
and
the Mound Plant
in
Ohio
.

The	NON
three
reactors
,
all
at
the Savannah River Plant
,
in
Aiken
,
S.C.
,
have
been
shut
down
since
last April
undergoing
changes
to
make
them
safer
.

To	NON
meet
tritium
needs
,
the
report
repeated
previous
administration
recommendations
for
the
construction
of
a
$3.2 billion
heavy
water
reactor
at
Savannah River
and
a
$3.6 billion
new
design
gas
-
cooled
reactor
at
the Energy Department
facility
at
Idaho Falls
,
Idaho
.

An	NON
architect
of
President
Nixon
's
unsuccessful
executive
-
privilege
Watergate
defense
is
a
top
prospect
for
the
post
of
U.S.
solicitor
in
the
new
Bush
administration
.

Also	NON
under
consideration
are
two
conservative
federal
appellate
judges
appointed
by
President
Reagan
:
Ralph K. Winter
of
the
2nd
U.S. Circuit Court of Appeals
in
New York
and
Kenneth Starr
of
the U.S. Circuit Court of Appeals
for
the District of Columbia
.

A	NON
University of Texas
law
professor
,
Wright
helped
devise
the
legal
argument
that
executive
privilege
exempted
Nixon
from
complying
with
a
subpoena
to
surrender
tape
recordings
of
Oval Office
conversations
.

Charles Fried	NON
,
the
current
solicitor
,
is
leaving
office
to
return
to
Harvard University Law School
.

Winter , 53	NON
,
a
former
Yale University
law
professor
who
became
a
judge
in
1982
,
and
Starr
,
42
,
who
served
as
couselor
to
Attorney
William French Smith
from
1981
until
his
appointment
to
the D.C. Circuit
in
1983
,
had
been
mentioned
as
possible
Supreme Court
nominees
following
the
1987
retirement
of
Justice
Lewis Powell
.

The	NON
six
men
were
found
under
the
rubble
in
the
basement
of
a
nine
-
story
apartment
building
which
had
collapsed
on
them
,
the
official
Soviet
news
agency
said
in
a
report
from
Yerevan
,
the
capital
of
Armenia
.

The	NON
quake
leveled
much
of
Leninakan
,
Armenia
's
second
-
largest
city
10 miles
east
of
the
Turkish
border
and
left
thousands
homeless
.

On	NON
Dec. 14
,
rescuers
pulled
a
mother
,
Susanna Petrosyan
,
and
her
4-year
-
old
daughter
,
Gayaney
,
out
of
the
rubble
in
Leninakan
.

HUNTINGTON	NON
,
Ind
.

The	NON
elder
Quayle
,
publisher
of
the Huntington Herald-Press
,
said
the
family
is
still
upset
by
media
coverage
of
his
son
's
selection
as
President
-
elect
George Bush 's
running
mate
,
and
of
the
campaign
that
led
to
their
election
in
November
.

DAYTON	NON
,
Ohio
-LRB-
AP
-RRB-

Bradley First Air of Carp	NON
,
Ontario
,
which
owned
the
plane
,
said
the
crew
members
were
pilots
from
Montreal
and
Ottawa
.

Lt	NON
.
Jim Bowell
of
the Butler Township Fire Department
said
the
4
:
45
a.m.
accident
set
fire
to
about 100 yards
of
woods
.

Redman	NON
said
two
employees
of
the U.S. Immigration and Naturalization Service
would
go
to
Moscow
to
help
handle
the
processing
.

Cape Town Supreme Court	LIVWRK
Judge
J.H. Berman
refused
to
give
Port Nolloth
municipal
authorities
the
right
to
forcibly
remove
the
squatters
,
who
live
in
shacks
and
tents
.

Mary Campbell	NON
,
a
former
Democratic
member
of
the Clover Town Council
,
got
the
unasked
-
for
tickets
in
the
mail
last month
.

Campbell	NON
,
who
is
going
to
the
inauguration
,
asked
that
his
sister
Mary
,
who
lives
in
Rock Hill
,
be
mailed
tickets
as
well
.

Tony Denny	LIVWRK
,
executive
director
of
the
state
Republican Party
,
said
he
didn
'
t
know
of
any
mix
-
up
,
but
that
Mary Campbell
of
Clover
is
free
to
keep
her
tickets
.

After	NON
buying
the
shawl
for
$
1
,
600
,
Darryl Breniser
of
Blue
Ball
,
said
the
approximately
2-by-5
foot
shawl
was
worth
the
money
.

Chris Herr	NON
,
shearer
for
the
winning
Wool Wizards
,
finished
his
sheep
first
in
about 2 -LCB- minutes
.

It	NON
seems
to
be
more
effective
,
'
'
said
Dr.
Alain Farley
of
McGill University
in
Montreal
.

Dr.	NON
David Graham
of
the Veterans Administration O Center
in
Houston
,
who
has
also
studied
the
new
drug
,
said
some
experts
are
concerned
about
the
long
-
term
effects
of
shutting
down
acid
secretion
almost
completely
.

`	NON
`
Blaze
,
'
'
a
film
about
a
former
governor
and
a
stripper
,
will
star
Paul Newman
as
Louisiana
Gov.
Earl Long
.

Actor	NON
Karl Malden
will
teach
acting
in
realistic
American
drama
for
two weeks
beginning
Monday
at
Vanderbilt University
.

He	NON
will
be
the
first
Vanderbilt
artist
-
in
-
residence
under
an
endowment
in
honor
of
Fred Coe
,
a
director
-
producer
who
grew
up
in
Nashville
and
worked
on
network
TV
shows
such
as
Philco Playhouse
,
Playhouse
90
,
Producer 's Showcase
and
others
.

Pittsburgh	NON
Mayor
Sophie Masloff
touted
the
joys
of
her
favorite
city
on
the
nationally
televised
Pat Sajak Show
and
put
an
end
to
rumors
that
she
sometimes
arrives
at
work
with
a
cup
of
homemade
chicken
soup
.

Palestine Liberation Organization	NON
chairman
Yasser Arafat
addressed
a
league
committee
and
berated
Arab
colleagues
for
reneging
on
their
promise
of
aid
to
the
people
of
the
Israeli
occupied
West Bank
and
Gaza Strip
.

Gadhafi	NON
requested
the
meeting
of
foreign
ministers
after
two
U.S. Navy
planes
downed
the
Libyan
jets
,
which
American
officials
say
were
about
to
attack
the
U.S.
craft
.

`	NON
`
The
U.S.
has
the
biggest
stock
of
chemical
arms
in
the
world
,
and
it
is
trying
to
obstruct
other
countries
from
having
their
own
,
'
'
said
Arab League
Secretary
-
General
Chedli Klibi
.

The National Aeronautics and Space Administration	NON
announced
Thursday
that
Ulf D. Merbold
,
47
,
of
the European Space Agency
and
Roger K. Crouch
of
NASA
have
been
chosen
to
train
to
perform
materials
sciences
experiments
on
the
International
Microgravity
Laboratory-1
mission
scheduled
for
April 1991
.

In	NON
addition
to
the
specialists
,
NASA
said
the
mission
crew
will
include
five
members
of
the
U.S.
astronaut
corps
.

He	NON
graduated
from
high
school
from
Benton
,
Tenn.
and
from
Tennessee
Tech
in
Cookville
,
and
holds
a
doctorate
in
physics
from
Virginia Tech
.

Dominique	LIVWRK
Beuff
of
the International Committee of the Red Cross
in
Khartoum
said
he
had
reports
of
people
dying
at
the
rate
of
up to four
a
day
in
some
areas
of
the
south
affected
by
a
5-year
-
old
civil
war
.

Reith Chuol	NON
,
governor
of
the Upper Nile region
,
told
reporters
there
were
unconfirmed
reports
of
15
people
dying
there
every day
.

`	NON
`
These
are
the
tactics
of
a
marginalized
force
driven
to
extremes
by
desperation
,
'
'
said
Abrams
,
whose
3
-LCB-
-year
service
as
head
of
the
Latin America
bureau
will
end
next week
with
the
inauguration
of
President
-
elect
Bush
.

King	NON
rose
to
prominence
after
Mrs.
Parks
'
action
in
December 1955
in
Montgomery
,
Ala.
,
set
the
stage
for
a
boycott
and
subsequent
demonstrations
that
caught
the
nation
by
surprise
.

Attending	NON
were
Spencer Christian
of
ABC
's
` ` Good Morning , America ' '
;

BANGKOK	NON
,
Thailand
-LRB-
AP
-RRB-

The	NON
meeting
will
be
held
at
the
request
of
the Soviet Union
,
which
also
plans
direct
talks
with
resistance
leader
Prince Norodom Sihanouk
,
said
Sihanouk
's
son
and
representative
in
Thailand
,
Prince Norodom Ranariddh
.

At	LIVWRK
a
regular
Chinese
Foreign
Ministry
briefing
in
Beijing
on
Thursday
,
spokesman
Li Zhaoxing
would
say
only
that
China
will
consider
direct
talks
with
Vietnam
`
`
at
an
appropriate
time
.
'
'

Soviet	NON
Foreign
Eduard
A.
Shevardnadze
is
to
visit
China
next month
to
pave
the
way
for
the
first
Chinese
-
Soviet
summit
in
30 years
,
Chinese
television
reported
Monday
.

In	NON
Beijing
Thursday
,
spokesman
Li
repeated
China
's
position
that
the
key
to
the
solution
of
the
Cambodian
conflict
`
`
lies
in
the
genuine
and
complete
Vietnamese
troop
withdrawal
at
the
earliest
possible
date
and
effective
international
supervision
.
'
'

During	NON
that
time
,
an estimated 2 million
of
Cambodia
's
8 million
people
died
from
Khmer Rouge
executions
,
famine
and
civil
unrest
.

The	NON
odds
of
becoming
a
murder
victim
are
five
times
greater
for
non
-
white
males
born
now
than
for
the
overall
population
of
the United States
,
the
FBI
said
Thursday
.

The	NON
overall
murder
rate
in
the United States
has
leaped
34 percent
between 1967 and 1987
,
the
FBI
reported
.

WARSAW	NON
,
Poland
-LRB-
AP
-RRB-

Walesa	NON
,
a
shipyard
electrician
who
founded
the
independent
Solidarity
union
movement
in
1980
,
said
Poles
are
restive
and
fed
up
with
high
prices
and
shortages
.

Walesa	NON
said
Solidarity
wants
to
avoid
unrest
.

A	NON
rally
of
several thousand
Solidarity
supporters
was
held
Tuesday
at
the Lenin Shipyard
in
Gdansk
,
where
Walesa
works
.

DAYTON	NON
,
Ohio
-LRB-
AP
-RRB-

Bruce Jonasson	NON
,
manager
of
Bradley First Air
,
said
pilots
from
Montreal
and
Ottawa
were
the
plane
's
only
occupants
.

The	NON
explosion
set
fire
to
about 100 yards
of
wooded
area
,
said
Lt
.
Jim Bowell
of
the Butler Township Fire Department
.

The	NON
plane
,
owned
by
Bradley First Air
,
of
Ottawa
,
Canada
,
was
carrying
cargo
to
Montreal
for
Emery Air Freight Corp.
,
an
air
freight
courier
service
with
a
hub
at
the
Dayton
airport
.

Gary Hess	NON
,
an
Emery
employee
,
saw
the
plane
go
down
as
he
was
getting
off
work
at
the
airport
.

Joe Weitz	NON
,
another
Emery
employee
,
said
the
plane
appeared
to
burst
into
flame
shortly
after
it
cleared
the
runway
.

Eastport International of Upper Marlboro	NON
,
Md.
,
which
has
been
involved
in
deep
-
water
recovery
of
wreckage
of
the
space
shuttle
Challenger
as
well
as
other
air
crashes
,
retrieved
the
recorder
last Friday
from
a
depth
of
14
,
800 feet
with
its
$5 million
`
`
remote
recovery
vehicle
'
'
known
as
Gemini 6000
.

AOSTA	NON
,
Italy
-LRB-
AP
-RRB-

Tensions	NON
have
increased
in
the
predominantly
French
-
speaking
province
since
December
,
when
the Supreme Court of Canada
ruled
that
a
provincial
law
requiring
all
signs
to
be
only
in
French
was
unconstitutional
.

The Globe and Mail	NON
,
which
calls
itself
Canada
's
national
newspaper
,
said
in
an
editorial
Thursday
that
Quebec
Premier
Robert Bourassa
`
`
has
received
,
and
deserves
,
strong
criticism
for
his
decision
on
the
language
of
commercial
signs
in
Quebec
.
..
.

Prime	NON
Brian Mulroney 's
Progressive Conservative Party
won
its
second
consecutive
majority
government
in
the
election
,
and
he
signed
the
trade
pact
with
President
Reagan
in
January 1988
.

`	NON
` The Challenger
accident
marked
a
major
change
in
the
U.S.
outlook
and
policies
with
respect
to
the
flight
of
other
than
NASA
astronauts
,
'
'
the National Aeronautics and Space Administration
said
in
a
policy
statement
.

Sen.	NON
Jake Garn
,
R-Utah
,
flew
on
the
shuttle
in
April 1985
and
Rep.
Bill Nelson
,
D-Fla.
,
was
aboard
in
January 1986
,
at
the
invitation
of
NASA
's
administrator
.

In	NON
1985
,
shuttle
passengers
included
Sultan Al-Saud
of
Saudi Arabia
and
Rodolfo Neri Vela
,
a
Mexican
.

Dan Quayle 's	NON
first
trip
out
of
the
country
as
vice
is
likely
to
be
to
Caracas
,
Venezuela
,
for
Carlos Andres Perez 's
presidential
inauguration
on
Feb. 2
,
an
official
in
President
-
elect
Bush
's
transition
said
Thursday
.

Psacharapoulos	NON
,
who
died
of
colon
cancer
while
vacationing
,
was
engaged
to
be
married
to
actress
Jean Hackett
of
New York City
.

Born	NON
in
Athens
,
Psacharopoulos
came
to
the United States
at
age 17
to
enter
Oberlin College
,
where
he
studied
art
history
.

In	NON
1988
,
he
directed
three
productions
:
`
` A Street Car Named Desire ' ' on Broadway
,
`
`
Sweet
Bird
of
Youth
'
'
at
the Royal Alexandra Theatre
in
Toronto
,
Canada
,
and
`
` The Legend of Oedipus ' ' in Williamstown
.

Larry Jinks	NON
has
been
named
publisher
of
the San Jose Mercury News
,
succeeding
William A. Ott
,
who
will
become
the
newspaper
's
chairman
,
the Knight-Ridder , Inc.
announced
Thursday
.

`	NON
`
Weather
like
this
is
awful
for
restaurants
,
'
'
said
Lou Ray
,
owner
of
the
Smokehouse
cafe
in
Fontana
.

At	LIVWRK
a
large
truck
stop
east
of
the
airport
,
some 2
,
000
truck
drivers
and
campers
waited
for
the
winds
to
die
down
,
said
Lance Davis
,
general
manager
of
Truck Stops of America
in
Ontario
.

Elsewhere	LIVWRK
,
a
downed
power
line
was
blamed
for
a
brush
fire
that
charred
200 acres
in
Orange County
,
said
county
Fire
Department
Capt
.
Hugh Madlock
.

Other	NON
power
lines
brought
down
by
high
winds
caused
outages
that
affected
about 6
,
000
homes
and
businesses
served
by
Southern California Edison
in
Los Angeles
and
Orange counties
,
said
Edison
spokesman
Kevin Kelly
.

The	NON
winds
also
overturned
trucks
on
Interstates
10
and
15
,
which
remained
open
with
traffic
moving
about 5 mph
,
said
California Highway Patrol
Officer
James O '
Brien
.

In	NON
San Bernardino County
,
winds
ripped
off
part
of
the
roof
of
the
sheriff
's
station
in
Rancho Cucamonga
and
damaged
several
private
cars
,
said
Deputy
Denise Garland
.

`	NON
` He -LRB- LaFarge -RRB- was the one who supposedly taught Tiffany
how
to
make
the
Favrile
glass
,
'
'
said
auctioneer
William Doyle
,
who
operates
an
auction
house
in
Manhattan
.

Maxwell	NON
's
Plum
,
once
a
hot
spot
among
trendy
New Yorkers
in
the 1960s
,
saw
its
fortunes
fail
in
the
highly
competitive
Manhattan
restaurant
market
of
the 1980s
.

I	NON
'
m
having
so
much
fun
,
I
may
try
this
with
Tavern
on
the
Green
,
'
'
said
LeRoy
,
an
avid
collector
who
also
owns
that
famed
New York
restaurant
.

The	NON
state
Supreme Court
jury
in
Niagara County
made
the
award
Tuesday
to
the
estate
of
Thomas Viscomi
and
his
widow
,
Norma Viscomi
,
of
Niagara Falls
.

Viscomi	NON
was
shot
in
the
back
in
1979
by
John Hoopsick
,
who
held
a
longtime
grudge
against
him
,
and
who
hours
earlier
purchased
the
shotgun
and
ammunition
at
a
K mart
store
in
Niagara Falls
.

Smith	NON
said
there
have
been
a
number
of
successful
civil
cases
against
gun
retailers
in
other
states
,
including
a
recent
judgment
against
K mart
in
a
similar
case
in
St. Claire Shores
,
Mich
.

Leslie Kota	NON
,
a
spokeswoman
for
K mart
based
in
Troy
,
Mich.
,
said
the
company
would
appeal
the
ruling
.

Stacy Lin Bickel	NON
,
25
,
of
Tempe
pleaded
guilty
in
November
to
negligent
homicide
in
the
death
of
Deborah Sue Tomazin
,
24
,
of
Phoenix
.

The	NON
bungled
attempt
took
place
March 27
in
the
office
of
Miss
Bickel
's
former
employer
,
Tempe
plastic
surgeon
Richard Pavese
.

Maricopa County Superior Court	NON
Judge
Lindsay Ellis
also
ordered
Miss Bickel
to
pay
$
5
,
500
in
restitution
to
Miss
Tomazin
's
family
and
to
perform
40 hours
per
week
of
community
service
indefinitely
.

By	NON
contrast
,
nearly 6 million square feet
of
downtown
office
space
is
newly
completed
,
under
construction
or
has
received
city
permits
,
said
Virginia Galle
,
a
City Council
member
and
CAP
supporter
.

`	NON
`
We
're
not
anti
-
growth
in
the
traditional
sense
,
'
'
says
Patrick Strosahl
,
a
jeweler
and
president
of
Vision Seattle
,
which
supports
CAP
.

Folke Nyberg	NON
,
a
professor
of
urban
planning
and
architecture
at
the University of Washington
,
agreed
Seattle
's
location
on
the Pacific Rim
means
it
will
grow
,
but
disagreed
that
concentrated
downtown
growth
is
good
.

Gilmore	NON
,
of
the Downtown Seattle Association
,
said
that
the
city
's
1985
downtown
zoning
was
the product of four years
of
debate
and
that
any
changes
should
be
made
through
more
hearings
and
City Council
votes
.

There	NON
are
even
hopeful
signs
in
Chicago
's
schools
,
branded
14 months ago
as
the
nation
's
worst
by
U.S.
Secretary
William J. Bennett
.

Illinois	NON
Gov.
James Thompson
signed
legislation
last month
scrapping
Chicago
's
central
school
board
next July
,
to
be
replaced
by
parent
-
run
councils
empowered
to
set
budgets
and
hire
and
fire
principals
.

As	NON
Rochester
teacher
union
leader
Adam Urbanski
put
it
:
`
`
We
have
set
the
table
;
we
have
not
served
the
meal
yet
.
'
'

Relative	NON
size
and
the
power
of
the
purse
are
certainly
key
factors
,
says
Samuel L. Husk
,
executive
director
of
the Council of Great City Schools
.

It	NON
's
a
political
problem
,
'
'
said
Ernest L. Boyer
,
a
national
spokesman
for
reform
and
president
of
the Carnegie Foundation
for
the Advancement of Teaching
,
which
has
produced
several
reports
on
urban
school
problems
.

Rochester	NON
's
Peter McWalters
,
named
in
1986
,
signaled
willingness
to
form
a
working
partnership
with
teachers
.

Pittsburgh	NON
's
superintendent
,
Richard C. Wallace
,
who
arrived
in
1980
as
an
outsider
to
a
city
enmeshed
in
a
bitter
dispute
over
school
desegregation
,
helped
move
the
school
system
beyond
that
dispute
and
establish
it
as
a
national
model
of
reform
.

`	NON
`
The
thing
to
remember
is
Florida
had
an
education
governor
,
Bob Graham
,
and
he
made
a
substantial
investment
in
schools
long
before
other
states
were
even
thinking
about
reform
.
'
'

Still	NON
,
many
are
encouraged
by
the
election
last year
of
Louisiana
's
reform
-
minded
governor
,
Buddy Roemer
,
a
property
tax
increase
last April
,
and
a
new
,
expanded
school
board
.

Lee Mitgang	NON
has
covered
education
for
the
AP
since
1981
.

With	NON
exhilaration
tempered
by
`
`
this
deficit
looming
over
everything
,
'
'
Bush
takes
office
at
noon
Friday
,
convinced
there
is
neither
a
need
nor
a
mandate
for
dramatic
change
to
put
his
imprint
on
the White House
.

EDITOR	NON
'S
NOTE
:
Walter R. Mears
,
vice
and
columnist
for
The Associated Press
,
has
reported
on
Washington
and
national
politics
for
more than 25 years
.

`	NON
`
We
think
this
is
not
a
very
likely
scenario
,
but
it
's
a
check
that
can
be
done
very
,
very
quickly
without
disrupting
service
,
'
'
said
Federal Aviation Administration
spokesman
John Leyden
.

FAA	NON
Administrator
Allan McArtor
issued
the
order
after
the British Civil Aviation Authority
ordered
similar
checks
for
three
types
of
aircraft
flown
by
British
carriers
,
including
the
same
two
models
of
the
737
and
the Airbus A320
.

`	NON
`
We
certainly
believe
it
's
a
prudent
measure
to
go
out
and
check
to
make
sure
there
's
nothing
wrong
with
the
fleet
,
'
'
Boeing Commercial Airplanes
spokesman
Craig Martin
said
Wednesday
in
Seattle
.

Fred Farrar	NON
,
another
FAA
spokesman
,
said
airlines
flying
the 737-300s
are
Aloha
,
America
West
,
American
,
Continental
,
Delta
,
Orion
,
Piedmont
,
Southwest
,
United
and
U.S. Air
.

John Mazor	NON
,
spokesman
for
the Air Line Pilots Association
,
said
he
could
not
recall
a
specific
incident
of
cross
-
wiring
,
but
added
,
`
`
It
is
not
unheard
of
for
brand
new
aircraft
to
come
off
the
assembly
line
with
wires
crossed
or
systems
improperly
configured
.
'
'

The	NON
investigation
centers
on
a
check
and
drain
valve
for
the
F404
engine
that
powers
the
Navy
's
FA-18
fighter
,
GE
spokesman
Richard Kennedy
said
Wednesday
.

GE	NON
spokesman
Richard Kennedy
said
Wednesday
that
the
factory
made
a
timer
valve
for
the
CFM56
engine
used
by
the
Boeing
737-400
as
well
as
a
check
and
drain
valve
for
the
F404
engine
aboard
the
Navy
's
FA-18
fighter
.

Another	NON
GE
employee
,
attorney
Robert C. Anderson
,
said
in
a
letter
last year
that
test
records
may
have
been
falsified
for
valves
used
on
the
FA-18
in
1984-87
.

The	LIVWRK
timer
valve
manufactured
by
GE
for
the
CFM56
engine
on
the
737
could
not
have
caused
the
turbine
to
fail
or
threatened
flight
safety
even
if
the
valve
malfunctioned
,
Kennedy
said
in
telephone
interview
from
his
office
in
Cincinnati
,
where
GE
's
aircraft
engine
operations
are
based
.

At	NON
the
request
of
the Justice Department
,
all
documents
in
the
Divencenzo
suit
remained
under
seal
until
last Friday
,
when
U.S.
District Court
Judge
Carl Rubin
denied
a
federal
motion
to
allow
the Justice Department
until
Feb. 1
to
decide
whether
to
join
the
case
as
a
plaintiff
.

The	NON
`
`
poison
pill
,
'
'
ruled
illegal
in
November
by
U.S.
District
G. Ernest Tidwell
,
would
become
effective
after
a
shareholder
had
acquired
10 percent
of
the
outstanding
stock
.

Pepperell	NON
,
based
in
West Point
,
Ga.
,
manufactures
Martex
towels
and
Arrow
shirts
and
has
about a quarter
of
the
nation
's
home
fashion
textile
market
.

U.S.	NON
Attorney
Anton Valukas
said
the
investigation
into
corrupt
trading
practices
is
still
continuing
.

MEXICO CITY -LRB-	NON
AP
-RRB-

The	NON
government
news
agency
Notimex
reported
later
that
leaders
of
the
union
's
locals
had
designated
Ricardo Camero Cardiel
,
a
local
leader
and
senator
from
the
northeastern
city
of
Ciudad Madero
,
the
union
's
new
secretary
-
general
.

Hernandez Galicia	NON
was
arrested
when
soldiers
blew
down
his
door
with
a
bazooka
in
a
raid
on
his
Ciudad Madero
home
.

Details	NON
of
the
`
`
friendly
'
'
tender
offer
for
Aussedat-Rey SA
,
Europe
's
leading
manufacturer
of
photocopy
paper
,
were
not
disclosed
.

GIESSEN	NON
,
West Germany
-LRB-
AP
-RRB-

Minox	NON
's
woes
are
just
part
of
the
restructuring
of
West Germany 's
proud
camera
industry
,
which
has
seen
the
only
other
two
all-German
companies
,
Leica
and
Rollei
,
drop
out
of
the
amateur
automatic
focus
camera
market
to
concentrate
on
producing
high
-
priced
professional
gear
.

His	NON
descendants
founded
the
Minox
company
in
Heuchelheim
on
Jan. 3 , 1949
.

`	NON
`
This
is
really
hurting
Heuchelheim
,
'
'
the
town
's
mayor
Willi Marx
told
The Associated Press
in
an
interview
at
his
office
earlier this month
.

Minox	NON
has
not
shown
a
profit
since
1981
,
and
on
April 1 , 1988
,
Robert C. Corduwener
,
a
Netherlands
businessman
bought
a
51 percent
share
of
the
company
to
take
control
from
the
Rinn
family
.

Many	NON
had
hoped
their
loyality
would
convince
the
banks
,
primarily
the
Frankfurt
-
based
Commerzbank
and
Giessen 's
Bezirksparkasse
bank
,
to
continue
to
help
Minox
,
but
the
hope
backfired
on
those
who
were
layed
off
,
he
said
.

While	NON
Minox
is
struggling
,
the
Leica
company
in
nearby
Wetzlar
,
and
Rollei
in
Braunschweig
,
report
business
has
been
good
over
the past year
.

NEW YORK	NON
-LRB-
AP
-RRB-

NEW ORLEANS	NON
-LRB-
AP
-RRB-

Church	NON
's
is
headquartered
in
San Antonio
.

Guy M. Struve	LIVWRK
,
the
New York
attorney
representing
Church 's
,
said
he
was
disappointed
and
did
not
know
when
the
chain
would
decide
whether
to
appeal
Thursday
's
ruling
.

Further	LIVWRK
buying
was
linked
to
rumors
that
the
Chilean
copper
company
Codelco
was
considering
shutting
down
its
smelter
at
Chuquicamata
,
the
world
's
largest
copper
mine
,
due
to
persistent
mechanical
problems
,
said
Fred Demler
,
metals
economist
with
Drexel Burnham Lambert Inc.
in
New York
.

SAN FRANCISCO	NON
-LRB-
AP
-RRB-

The	LIVWRK
disclosure
was
contained
in
a
half-inch
-
thick
statement
from
James Cirona
,
president
of
the Federal Home Loan Bank of San Francisco
.

Many	NON
communities
running
out
of
landfill
space
are
eager
to
ship
their
bulky
,
plastic
garbage
to
the
Middletown
plant
,
called
Eaglebrook East
,
a
branch
of
Eaglebrook Plastics Inc.
of
Chicago
.

Eaglebrook East	NON
opened
in
Middletown
in
April
.

`	NON
`
He
was
going
pretty
fast
,
wasn
'
t
he
?
'
'
said
Daniel Urquhart
,
8
,
of
Aumsville
,
whose
slug
crept
to
the
championship
.

BEIRUT	NON
,
Lebanon
-LRB-
AP
-RRB-

Text	NON
of
the
statement
issued
by
the Organization of the Oppressed on
Earth
claiming
U.S.
Marine
Lt
.
William R. Higgins
was
hanged
.

It	NON
was
translated
from
Arabic
by
The Associated Press
bureau
in
Beirut
:

In	NON
the
name
of
God
,
the
Merciful
,
the
Compassionate
,
Since
criminal
America
and
the
Zionist
enemy
did
not
take
our
decision
to
execute
American
spy
Higgins
seriously
,
and
since
Sheik Abdul Karim Obeid
and
his
two
brethren
were
not
freed
by
the
specified
deadline
out
of
disdain
for
our
ultimatum
,
the
life
of
Higgins
and
our
sacred
sanctities
,
and
to
implement
God
's
just
will
,
the
execution
of
American
spy
Higgins
has
been
carried
out
by
hanging
at
3 p.m. this Monday afternoon 28 Zul Hijja
,
1409
Hegira
,
which
coincides
with
July 31 , 1989
A.D.
He
will
be
an
example
for
those
who
fear
the day
of
reckoning
.

In	NON
southwest
Louisiana
's
Cameron Parish
-LRB-
county
-RRB-
,
civil
defense
director
Hayes Picou
about
8
,
500
of
the
low
-
lying
parish
's
10
,
000
residents
had
evacuated
the
southern
coast
,
most
to
stay
with
friends
or
relatives
.

`	NON
`
The
old
bugaboo
is
where
this
baby
is
going
to
hit
,
'
'
said
John Jamison
,
a
National Weather Service
meteorologist
in
Galveston
.

The	NON
Quayles
'
children
_ Tucker
,
15
,
Benjamin
,
12
,
and
Corinne
,
10 _
live
on
the
top
floor
of
the
three
-
story
building
,
which
is
on
the
rolling
grounds
of
the Naval Observatory
in
northwest
Washington
and
was
built
in
1894
.

`	NON
`
This
is
the
first
time
someone
brought
back
tangible
evidence
of
these
aircraft
,
'
'
said
Epps
,
owner
of
Epps Aviation
at
suburban
DeKalb Peachtree Airport
,
where
the
expedition
returned
in
a
DC-3
Monday
.

`	NON
`
We
were
there
six days
unsupported
,
'
'
said
society
co
-
leader
Richard Taylor
,
an
Atlanta
architect
.

`	NON
`
We
'd
play
hearts
for
hours
at
a
time
,
'
'
said
Atlanta
businessman
Neil Estes
.

Epps	NON
credited
Norman Vaughan
,
83
,
of
Trapper Creek
,
Alaska
,
the
last
man
to
see
the
planes
,
with
keeping
the
expedition
's
hopes
alive
.

`	NON
`
What
we
have
witnessed
,
in
the
Israeli
retaliation
in
kind
for
the
kidnapping
of
their
people
,
-LRB-
is
-RRB-
that
violence
truly
does
beget
violence
and
that
I
hope
the United States
will
use
this
opportunity
for
reconciliation
rather
than
retaliation
,
'
'
Mrs.
Say
said
in
an
interview
from
her
home
near
Cadiz
in
western
Kentucky
.

Higgins	NON
'
sister
,
Mary Fisher
,
said
from
her
home
in
the
Louisville
suburb
of
Okolona
that
she
believed
Higgins
'
was
dead
before
she
saw
the
videotape
.

U.S.	NON
Sen.
Mitch McConnell
,
who
attended
church
in
south
Louisville
with
Higgins
in
the 1950s
,
recommended
he
be
given
the
nation
's
highest
honor
,
the Medal of Honor
.

Lancaster	NON
,
a
farming
town
of
3
,
400
,
claims
Higgins
as
a
native
son
although
he
was
born
a
county
away
in
Danville
,
which
had
the
nearest
hospital
,
and
grew
up
mainly
in
Louisville
.

There	NON
are
an estimated 11 million
diabetics
nationwide
,
of
whom
about 2.5 million
give
themselves
insulin
shots
each day
,
said
Richard Kahn
,
chief
scientific
and
medical
officer
for
the American Diabetes Association
in
Alexandria
,
Va.

The Environmental Protection Agency	NON
is
working
on
a
brochure
advising
diabetics
of
the
best
way
to
dispose
of
needles
,
said
Robin Woods
,
a
spokeswoman
for
the
agency
in
Washington
,
D.C.
It
will
suggest
that
diabetics
place
`
`
sharps
'
'
_
the
needle
end
of
a
syringe
_
in
a
hard
plastic
or
metal
container
like
a
coffee
can
before
throwing
it
in
the
trash
,
Woods
said
.

The Becton Dickinson Co.	NON
of
Franklin Lakes
,
N.J.
,
donates
the
needle
containers
,
worth
about $2
each
.

Waste Disposal Co.	NON
of
Randolph
is
preparing
to
offer
a
home
needle
pickup
service
,
said
Debra Bornstein
,
a
company
official
.

NEW ORLEANS	NON
-LRB-
AP
-RRB-

The	NON
rig
,
leased
by
Chevron
from
Avis Bourg Co.
of
Folsom
,
was
on
its
side
in
about 25 feet
of
water
,
a
Coast Guard
spokesman
said
.

`	NON
`
That
original
one
was
knocked
down
for
a
reason
by
the
tanks
,
and
I
presume
this
one
was
knocked
down
for
the
same
reason
,
'
'
Santa Monica
artist
Tom Van Sant
said
Monday
after
the
23-foot
-
tall
statue
was
found
crushed
and
broken
in
pieces
.

`	NON
`
He
is
the
same
easy
-
going
,
soft
-
spoken
,
self
-
effacing
man
we
knew
as
governor
of
New Hampshire
,
'
'
said
Virginia
Gov.
Gerald Baliles
,
a
Democrat
.

Bush	NON
,
who
acknowledged
that
Sununu
was
`
`
not
quiet
and
retiring
'
'
also
had
words
for
Virginia
's
Baliles
,
who
was
stepping
down
after
a year
as
chairman
of
the
association
.

The	NON
president
appeared
a
bit
startled
when
he
saw
Ohio
's
governor
,
Democrat
Richard Celeste
.

In	NON
1969
,
James Earl Ray
pleaded
guilty
in
Memphis
,
Tenn.
,
to
the
assassination
of
civil
rights
leader
Martin Luther
King
Junior
.

The Warren Commission	NON
determined
that
Lee Harvey Oswald
fired
a
high
-
powered
rifle
at
Kennedy
from
the
sixth
floor
of
the
building
where
he
worked
on
Nov. 22 , 1963
.

The Warren Commission	NON
determined
that
Lee Harvey Oswald
fired
at
Kennedy
from
the
sixth
floor
of
what
is
now
the Dallas County Administration Building
on
Nov. 22 , 1963
.

The Warren Commission	NON
determined
that
on
Nov. 22 , 1963
,
Lee Harvey Oswald
fired
a
high
-
powered
rifle
at
Kennedy
's
motorcade
from
the
sixth
floor
of
what
is
now
the Dallas County Administration Building
,
where
he
worked
.

Last week	NON
,
commissioners
approved
spending
$2.3 million
in
county
funds
for
constructing
an
outside
elevator
,
to
be
used
to
carry
visitors
to
the
sixth
floor
,
where
Lee Harvey Oswald
was
believed
to
have
perched
on
the day
of
the
Kennedy
assassination
,
Nov. 22 , 1963
.

Today	NON
's
Highlight
in
History
:
On
the
Ides
of
March
,
44
B.C.
,
Roman
Emperor
Julius Caesar
was
assassinated
by
a
group
of
nobles
that
included
Brutus
and
Cassius
.

After	NON
nearly two decades
in
prison
for
the
assassination
of
the
Rev.
Martin Luther King Jr.
,
James Earl Ray
says
he
would
trade
places
with
the
hostages
in
Lebanon
.

Ray	NON
is
being
held
in
Tennessee
's
Brushy Mountain State Prison
on
a
99-year
sentence
for
the April 4 , 1968
,
slaying
of
King
.

`	NON
` The LAPD investigation into the Robert F. Kennedy
assassination
by
Sirhan Sirhan
was
exhaustive
,
yet
public
concern
about
its
conclusions
remains
20 years later
,
'
'
Eu
said
in
a
written
statement
released
by
her
office
.

In	NON
1969
,
Sirhan Sirhan
was
sentenced
to
death
for
the
assassination
of
New York
Sen.
Robert F. Kennedy
.

In	NON
1969
,
Sirhan Sirhan
was
convicted
of
assassinating
Sen.
Robert F. Kennedy
.

William Leonard Jennings	NON
sobbed
loudly
as
he
appeared
in
a
magistrates
court
in
West Yorkshire
and
was
charged
with
killing
his
3-year
-
old
son
,
Stephen
,
who
was
last
seen
alive
on
Dec. 12 , 1962
.

The	NON
summary
also
concluded
that
Sirhan
,
who
is
serving
a
life
sentence
at
Soledad Prison
for
the
killing
,
was
sane
and
was
not
under
the
influence
of
alcohol
when
he
shot
Kennedy
moments
after
he
had
claimed
victory
in
the
California
Democratic
presidential
primary
.

Although	NON
Sirhan
shot
Kennedy
in
full
view
of
numerous
spectators
,
controversy
arose
later
about
how
many
shots
were
fired
and
whether
a
second
gunman
was
involved
.

In	NON
1865
,
John Wilkes Booth
,
the
assassin
of
President
Abraham Lincoln
,
was
surrounded
by
federal
troops
near
Bowling Green
,
Va.
,
and
killed
.

The	NON
police
files
on
Kennedy
's
shooting
could
shed
new
light
on
persistent
questions
about
whether
Sirhan Bishara Sirhan
was
the
only
gunman
in
the
shooting
.

Sirhan	NON
says
he
was
the
lone
assassin
but
can
'
t
remember
shooting
Kennedy
.

The	NON
items
included
the
.22-caliber
gun
Sirhan Bishara Sirhan
used
to
kill
Kennedy
on
June 5 , 1968
,
in
the
hotel
kitchen
.

However	NON
,
the
story
did
not
die
,
and
triggered
years
of
controversy
over
whether
Sirhan Sirhan
,
the
man
convicted
of
killing
Kennedy
,
had
acted
alone
.

Sirhan Sirhan	NON
,
a
Jordanian
immigrant
,
was
convicted
of
murdering
Kennedy
and
is
serving
a
life
term
at
Soledad Prison
.

Kennedy	NON
's
assassin
,
Sirhan Bishara Sirhan
,
was
immediately
arrested
.

Today	NON
's
Highlight
in
History
:
Twenty years ago
,
on
June 6 , 1968
,
at
1
:
44 a.m.
local
time
,
Sen.
Robert F. Kennedy
died
at
Good Samaritan Hospital
in
Los Angeles
,
25 -LCB- hours
after
he
was
shot
at
the
Ambassador
Hotel
by
Sirhan
Bishara Sirhan
.

That same day	NON
,
a
grand
jury
in
Los Angeles
indicted
Sirhan Bishara Sirhan
,
a
Jordanian
citizen
,
on
a
charge
of
first
-
degree
murder
in
the
assassination
of
Kennedy
two days earlier
.

In	NON
1968
,
authorities
announced
the
capture
in
London
of
James Earl Ray
,
suspected
of
the
assassination
of
civil
rights
leader
Dr.
Martin Luther King Jr
.

The Warren Commission	NON
determined
that
Oswald
fired
at
Kennedy
from
the
sixth
floor
of
what
is
now
the Dallas County Administration Building
.

Sen.	NON
Edward M. Kennedy
says
his
family
is
disturbed
by
the
decision
to
establish
a
museum
in
the
Dallas
building
from
which
Lee Harvey Oswald
is
believed
to
have
shot
President
John F. Kennedy
.

In	NON
1977
,
James Earl Ray
,
the
convicted
assassin
of
civil
rights
leader
Dr.
Martin Luther King Jr.
,
was
recaptured
following
his
escape
from
a
Tennessee
prison
June 10
.

Robert Kennedy	NON
was
shot
by
Sirhan Sirhan
and
mortally
wounded
shortly
after
midnight
on
June 5 , 1968
,
after
he
had
addressed
a
crowd
of
supporters
gathered
in
the
Ambassador
Hotel
to
celebrate
his
election
victory
of
the day before
.

In	NON
1981
,
Mark David Chapman
pleaded
guilty
to
killing
rock
star
John Lennon
outside
Lennon
's
New York City
apartment
building
the previous December
.

Yount	NON
,
who
was
living
in
Coeur
under
the
alias
James Marvin Forsgren
,
was
sentenced
to
life
in
prison
for
his
conviction
on
first
-
degree
murder
and
rape
charges
in
the
1966
slaying
of
Pamela Sue Rimer
,
a
student
in
his
high
school
mathematics
class
in
Luthersberg
,
Pa
.

But	NON
Bowier
said
it
was
not
surprising
because
of
`
`
extremely
cordial
relations
'
'
that
existed
between
the
newspaper
and
former
President
William Tolbert
,
assassinated
in
an
April 1980
coup
led
by
Gen.
Samuel K. Doe
.

In	NON
1865
,
four
people
were
hanged
in
Washington
,
D.C.
after
being
convicted
of
conspiring
with
John Wilkes Booth
in
the
assassination
of
President
Abraham Lincoln
.

Ten years ago	NON
:
James Earl Ray
,
convicted
of
assassinating
Dr.
Martin Luther King Jr.
in
1968
,
repeated
his
assertion
at
a
Capitol Hill
hearing
that
he
did
not
commit
the
crime
,
saying
he
'd
been
set
up
to
take
the
blame
by
a
mysterious
man
called
Raoul
.

On	NON
this
date
:
In
1533
,
the
last
Incan King of Peru
,
Atahualpa
,
was
murdered
on
the
orders
of
Spanish
conqueror
Francisco Pizarro
.

Today	NON
's
highlight
in
history
:
In
1901
,
President
William McKinley
was
shot
by
anarchist
Leon Czolgosz
at
the Pan-American Exposition in Buffalo
,
N.Y.

He	NON
developed
evidence
regarding
the
assassination
of
President
Kennedy
which
supported
the
findings
of
the Warren Commission
that
Lee Harvey Oswald
was
the
lone
assassin
.

The House Assassinations Committee	NON
concluded
in
1978
that
Kennedy
was
`
`
probably
'
'
assassinated
as
the
result
of
a
conspiracy
involving
a
second
gunman
,
a
finding
that
broke
from
the Warren Commission 's
belief
that
Lee Harvey Oswald
acted
alone
in
Dallas
on
Nov. 22 , 1963
.

Lennon	NON
was
shot
to
death
Dec. 8 , 1980
,
in
the
courtyard
of
his
New York City
apartment
building
by
Mark David Chapman
,
a
former
Beatles
'
fan
who
was
convicted
of
the
killing
and
sentenced
to
prison
for
a
term
of
20 years
to
life
.

Ten years ago	NON
:
Former
President
Gerald R. Ford
,
a
member
of
the Warren Commission
that
investigated
President
John F. Kennedy 's
assassination
,
told
a
House
committee
he
stood
by
the
commission
's
basic
finding
that
assassin
Lee Harvey Oswald
had
acted
alone
.

Lennon	NON
was
fatally
shot
by
Mark David Chapman
outside
the
Dakota
on
Dec. 8 , 1980
.

Lennon	NON
was
murdered
by
Mark David Chapman
outside
the
Dakota
on
Dec. 8 , 1980
.

Today	NON
's
highlight
in
history
:
In
1964
,
the Warren Commission
issued
a
report
concluding
that
Lee Harvey Oswald
had
acted
alone
in
assassinating
President
John F. Kennedy
.

In	NON
Dallas
,
preparations
continue
for
a
museum
at
the Texas School Book Depository
where
assassin
Lee Harvey Oswald
gunned
down
Kennedy
as
the
presidential
motorcade
rode
through
Dealey Plaza
.

Twenty-five years	NON
after
the
assassination
of
President
John F. Kennedy
,
Lee Harvey Oswald 's
widow
says
she
now
believes
Oswald
did
not
act
alone
in
the
killing
.

Lennon	NON
was
murdered
outside
his
Upper West Side
home
on
Dec. 8 , 1980
,
by
Mark David Chapman
.

Ten years ago	NON
:
James Earl Ray
,
the
convicted
assassin
of
civil
rights
leader
Martin Luther King Jr.
,
married
artist
Anna Sandhu
in
a
ceremony
at
Brushy Mountain Penitentiary
in
Tennessee
.

Her	NON
husband
's
assassin
,
Mark David Chapman
,
said
he
had
decided
to
kill
John Lennon
in
1980
after
reading
an
article
about
the
former
Beatle
in
a
magazine
,
Ono
said
.

Ray	NON
,
60
,
was
sentenced
to
99 years
in
prison
in
1969
when
he
pleaded
guilty
to
shooting
and
killing
King
as
the
civil
rights
leader
stood
on
a
balcony
of
the Lorraine Motel
in
Memphis
.

Anna Sandhu Ray	NON
,
who
10 years ago
Thursday
we
d
the
man
convicted
of
killing
the
Rev.
Martin Luther King Jr.
,
said
on
her
anniversary
that
she
plans
to
divorce
James Earl Ray
.

In	NON
1901
,
President
William McKinley 's
assassin
,
Leon Czolgosz
,
was
electrocuted
.

The Warren Commission	NON
found
Oswald
acted
alone
in
killing
Kennedy
.

They	NON
found
it
when
Herschel Grynszpan
,
a
17-year
-
old
Jew
enraged
by
his
family
's
deportation
to
Poland
,
shot
and
mortally
wounded
German
Embassy
Third
Secretary
Ernst vom Rath
in
Paris
on
Nov. 7 , 1938
.

Most	NON
of
the
work
conducted
by
the Warren Commission
,
which
concluded
that
Lee Harvey Oswald
acted
alone
in
the
Kennedy
slaying
,
has
been
opened
to
the
public
,
a
move
that
has
helped
researchers
evaluate
_
and
in
many
cases
strongly
criticize
_
that
investigation
.

The	NON
nine
sentences
noting
the
spot
where
Dallas
was
settled
are
followed
by
this
:
`
`
On
Nov. 22 , 1963
,
the
building
gained
national
notoriety
when
Lee Harvey Oswald
allegedly
shot
and
killed
President
John F. Kennedy
from
a
sixth
floor
window
as
the
presidential
motorcade
passed
the
site
.
'
'

In	NON
a
bizarre
allegation
,
Anderson
said
the
same
photo
analysts
also
concluded
that
a
picture
of
three
hobos
near
the
shooting
scene
taken
shortly
after
the
killing
appear
to
show
Watergate
conspirator
E. Howard Hunt
and
James Earl Ray
,
the
killer
of
Martin Luther King Jr
.

In	NON
1881
,
Charles J. Guiteau
went
on
trial
for
the
assassination
of
President
James Garfield
.

Most	NON
of
the
work
conducted
by
the Warren Commission
,
which
concluded
that
Lee Harvey Oswald
acted
alone
in
the
Kennedy
slaying
,
has
been
opened
to
the
public
,
a
move
that
has
helped
researchers
evaluate
_
and
in
many
cases
strongly
criticize
_
that
investigation
.

The	NON
nine
sentences
noting
the
spot
where
Dallas
was
settled
are
followed
by
this
:
`
`
On
Nov. 22 , 1963
,
the
building
gained
national
notoriety
when
Lee Harvey Oswald
allegedly
shot
and
killed
President
John F. Kennedy
from
a
sixth
floor
window
as
the
presidential
motorcade
passed
the
site
.
'
'

Scattered	NON
among
reams
of
FBI
and
Secret Service
reports
are
fragments
of
the
lonely
life
of
Oswald
,
a
Marxist
who
lived
in
obscurity
and
died
in
infamy
and
who
the Warren Commission
concluded
was
acting
alone
when
he
killed
Kennedy
.

Booth	NON
also
used
an
underground
intelligence
network
for
his
escape
after
shooting
Lincoln
during
a
performance
at
Ford
's
Theatre
in
Washington
,
D.C.
,
on
April 14 , 1865
,
five days
after
Gen.
Robert E. Lee 's
surrender
at
Appomattox
,
the
authors
contend
.

Lee	NON
's
surrender
of
the Army of Northern Virginia
had
virtually
ended
the
war
by
that
time
,
but
Booth
thought
he
could
save
the
South
by
killing
Lincoln
,
said
Tidwell
,
a
retired
CIA
officer
.

A	NON
chart
used
to
decipher
the
code
was
found
among
Booth
's
effects
after
he
was
shot
by
Union
soldiers
11 days
after
the
assassination
of
Lincoln
.

John Wilkes Booth	NON
wasn
'
t
a
shiftless
actor
who
killed
Abraham Lincoln
out
of
despondency
over
the
South
's
loss
in
the Civil War
,
but
a
Confederate
intelligence
agent
,
a
new
book
contends
.

Lee Harvey Oswald	NON
bore
a
grudge
against
Texas
Gov.
John Connally
and
may
have
intended
to
kill
him
instead
of
President
John F. Kennedy
,
according
to
a
new
book
.

The	NON
hearing
was
announced
last week
for
James Earl Ray
,
60
,
serving
99 years
for
assassinating
King
in
Memphis
on
April 4 , 1968
.